{"46GP8": "A person cooking on a stove while watching something out a window.", "N11GT": "One person opens up a folded blanket, then sneezes and leaves the stairs with a broom.", "0IH69": "A person is seen leaving a cabinet. They then begin fixing a picture that's on a shelf.", "KRF68": "A person runs into their laundry room. They grasp the doorknob and close the door. The person starts dressing then leaves holding their phone.", "MJO7C": "A person runs into their pantry holding a bottle of medicine. They grab the doorknob and close the door while watching a video on their phone.", "S6MPZ": "A person is eating at the desk and lying the phone down.", "7HVU8": "A person is throwing items into a bag then starts fixing their clothes.", "MCQO5": "A person is undressing in the closet.  They put their clothes back into the wardrobe and drink a glass of water while looking at a picture.", "VPIYF": "A person is standing by a shelf and grasping his phone off of it.", "JSUF4": "A person is sweeping up with a broom and putting things back in their place. They take break on the sofa and start drinking a water.", "8WJIR": "A person in their bedroom is holding a glass of coffee that they picked up from the table. They are smiling because they see something funny on the television and then they start closing the bedroom door.", "INQNU": "A laughing person is fixing a bed in their bedroom while drinking a glass of milk.", "LI6LV": "In the bathroom, the person put a towel on the doorknob and started undressing.  Half way through they took some medicine from the counter and took it with a drink of water.", "MGCM8": "The young person was eating a sandwich while browsing on their laptop after working and standing all day long.", "I8QJN": "A person awakens on the floor of the kitchen. The person gets up, putting their hand on the edge of the stove to help. The person walks to the sink, and pours a large glass of water.", "XC9EY": "A person walks along the hallway, smiling as the person straightens a picture on the wall.  The person puts a glass down on a table.", "DOQ9Y": "A person undressing by removing their jacket in the pantry. They are looking for some food, and when they find some groceries, they decide on leaving the pantry while closing the door.", "RK9II": "A person is tidying up with a broom. Laughing, the person walks to the small end table and leans the broom against it.", "QGQGZ": "A person opens the door into the kitchen then turns the light on in. They then proceed to put the groceries away.", "5S1WQ": "A person is closing the desk and then playing with a broom in the dining room."}